{"New Year's Day": [{"date": "1-1-2026", "country": "pl"}], "Epiphany": [{"date": "6-1-2026", "country": "pl"}], "Valentine's Day": [{"date": "14-2-2026", "country": "pl"}], "March Equinox": [{"date": "20-3-2026", "country": "pl"}], "Good Friday": [{"date": "3-4-2026", "country": "pl"}], "Holy Saturday": [{"date": "4-4-2026", "country": "pl"}], "Easter Sunday": [{"date": "5-4-2026", "country": "pl"}], "Easter Monday": [{"date": "6-4-2026", "country": "pl"}], "Labor Day": [{"date": "1-5-2026", "country": "pl"}], "Day of the Flag": [{"date": "2-5-2026", "country": "pl"}], "Constitution Day": [{"date": "3-5-2026", "country": "pl"}], "Whit Sunday": [{"date": "24-5-2026", "country": "pl"}], "Mother\u2019s Day": [{"date": "26-5-2026", "country": "pl"}], "Children's Day": [{"date": "1-6-2026", "country": "pl"}], "Corpus Christi": [{"date": "4-6-2026", "country": "pl"}], "June Solstice": [{"date": "21-6-2026", "country": "pl"}], "Father\u2019s Day": [{"date": "23-6-2026", "country": "pl"}, {"date": "21-6-2026", "country": "ie"}], "Assumption of Mary": [{"date": "15-8-2026", "country": "pl"}], "September Equinox": [{"date": "23-9-2026", "country": "pl"}], "All Saints' Day": [{"date": "1-11-2026", "country": "pl"}], "Independence Day": [{"date": "11-11-2026", "country": "pl"}], "December Solstice": [{"date": "21-12-2026", "country": "pl"}], "Christmas Eve": [{"date": "24-12-2026", "country": "pl"}], "Christmas Day": [{"date": "25-12-2026", "country": "pl"}], "Second Day of Christmas": [{"date": "26-12-2026", "country": "pl"}], "National Day of the Victorious Greater Poland Uprising": [{"date": "27-12-2026", "country": "pl"}], "New Year's Eve": [{"date": "31-12-2026", "country": "pl"}], "St. Brigid\u2019s Day": [{"date": "1-2-2026", "country": "ie"}, {"date": "2-2-2026", "country": "ie"}], "Mother's Day": [{"date": "15-3-2026", "country": "ie"}], "St. Patrick's Day": [{"date": "17-3-2026", "country": "ie"}], "Maundy Thursday": [{"date": "2-4-2026", "country": "ie"}], "May Day": [{"date": "4-5-2026", "country": "ie"}], "Ascension Day": [{"date": "14-5-2026", "country": "ie"}], "Pentecost": [{"date": "24-5-2026", "country": "ie"}], "June Bank Holiday": [{"date": "1-6-2026", "country": "ie"}], "August Bank Holiday": [{"date": "3-8-2026", "country": "ie"}], "October Bank Holiday": [{"date": "26-10-2026", "country": "ie"}], "Halloween": [{"date": "31-10-2026", "country": "ie"}], "St. Stephen's Day": [{"date": "26-12-2026", "country": "ie"}], "data_harvest_date": "2026-02-03 23:39:59.512549"}